id,first_name,last_name,email,gender,department,country
1,Virgie,Bergen,vbergen0@nydailynews.com,Male,Training,Russia
2,Shermie,Hasloch,shasloch1@netvibes.com,Male,Business Development,Mexico
3,Kaela,Lanyon,klanyon2@businesswire.com,Female,Business Development,Albania
4,Bert,Howick,bhowick3@ebay.com,Male,Support,Thailand
5,Baxter,Raffels,braffels4@cnn.com,Male,Sales,Russia
6,Tremayne,Smithyman,tsmithyman5@booking.com,Male,Product Management,Philippines
7,Michal,Semper,msemper6@t-online.de,Female,Product Management,Philippines
8,Coletta,McGuffog,cmcguffog7@noaa.gov,Female,Business Development,Dominican Republic
9,Flora,Driscoll,fdriscoll8@illinois.edu,Non-binary,Engineering,Portugal
10,Efrem,Conry,econry9@kickstarter.com,Male,Marketing,Colombia
11,Auguste,Fishbie,afishbiea@google.ca,Female,Accounting,Poland
12,Tabbie,Chaize,tchaizeb@cam.ac.uk,Male,Legal,United States
13,Dannel,McKeran,dmckeranc@yahoo.com,Male,Sales,China
14,Aristotle,Thrower,athrowerd@mediafire.com,Male,Business Development,Sweden
15,Farand,Sykora,fsykorae@taobao.com,Female,Services,French Southern Territories
16,Gerard,Fibben,gfibbenf@ycombinator.com,Genderqueer,Sales,Ecuador
17,Mackenzie,Foxall,mfoxallg@jigsy.com,Male,Human Resources,United States
18,Min,Daubney,mdaubneyh@scientificamerican.com,Bigender,Services,South Korea
19,Kaine,Robak,krobaki@mtv.com,Male,Engineering,China
20,Perry,Anstie,panstiej@google.com.br,Female,Business Development,China
21,Godfree,Glanders,gglandersk@devhub.com,Male,Services,Mexico
22,Lorna,Finci,lfincil@homestead.com,Female,Business Development,Gambia
23,Jada,Tunnow,jtunnowm@ustream.tv,Female,Support,China
24,Mar,Dyball,mdyballn@reuters.com,Male,Accounting,Ivory Coast
25,Conroy,Surby,csurbyo@delicious.com,Male,Accounting,Japan
26,Leanna,Dalziell,ldalziellp@ask.com,Female,Product Management,Czech Republic
27,Ingaberg,Beardon,ibeardonq@rambler.ru,Female,Support,China
28,Agace,Handaside,ahandasider@hp.com,Female,Accounting,Romania
29,Kelby,Hollidge,khollidges@amazonaws.com,Male,Research and Development,Brazil
30,Cheri,Brindle,cbrindlet@51.la,Female,Business Development,Russia
31,Madella,Holston,mholstonu@nbcnews.com,Female,Marketing,Japan
32,Aguste,Pirkis,apirkisv@imageshack.us,Male,Legal,China
33,Tamma,Shay,tshayw@ycombinator.com,Polygender,Legal,Russia
34,Ximenes,Mallalieu,xmallalieux@infoseek.co.jp,Male,Accounting,United Kingdom
35,Georgianna,Youdell,gyoudelly@sciencedirect.com,Female,Accounting,Poland
36,Heinrick,Atcock,hatcockz@apache.org,Male,Business Development,South Africa
37,Ajay,Startin,astartin10@newsvine.com,Bigender,Human Resources,China
38,Demeter,Baumann,dbaumann11@cloudflare.com,Genderfluid,Product Management,Kuwait
39,Magnum,Chaloner,mchaloner12@hao123.com,Male,Engineering,China
40,Delainey,Karpets,dkarpets13@51.la,Genderfluid,Legal,Philippines
41,Lyndsie,Selesnick,lselesnick14@nba.com,Female,Product Management,Brazil
42,Natty,Veschambre,nveschambre15@myspace.com,Male,Marketing,Russia
43,Clare,Widdowfield,cwiddowfield16@fema.gov,Female,Accounting,Portugal
44,Wyndham,Praton,wpraton17@ifeng.com,Male,Human Resources,Indonesia
45,Burk,Plane,bplane18@cornell.edu,Male,Training,Portugal
46,Adolf,Solano,asolano19@miitbeian.gov.cn,Male,Research and Development,Indonesia
47,Nowell,Sheber,nsheber1a@sciencedaily.com,Male,Human Resources,Indonesia
48,Michaelina,Goodey,mgoodey1b@redcross.org,Female,Product Management,France
49,Arlen,Farland,afarland1c@youku.com,Genderfluid,Accounting,Vietnam
50,Gilbert,Capun,gcapun1d@va.gov,Male,Support,China
51,Staford,McKeand,smckeand1e@sfgate.com,Male,Support,Russia
52,Madeleine,Leonard,mleonard1f@posterous.com,Agender,Research and Development,Greece
53,Hans,Harpur,hharpur1g@barnesandnoble.com,Male,Human Resources,Venezuela
54,Jenda,Hinkens,jhinkens1h@feedburner.com,Female,Engineering,Costa Rica
55,Laurens,Prugel,lprugel1i@webnode.com,Non-binary,Research and Development,Indonesia
56,Kippie,Giotto,kgiotto1j@who.int,Female,Research and Development,Indonesia
57,Armand,Follan,afollan1k@twitter.com,Male,Sales,Malaysia
58,Betteann,Krishtopaittis,bkrishtopaittis1l@liveinternet.ru,Female,Support,Portugal
59,Lani,Pinnell,lpinnell1m@patch.com,Female,Engineering,Honduras
60,Linnea,Beeble,lbeeble1n@hibu.com,Female,Product Management,Thailand
61,Matteo,Cleevely,mcleevely1o@bloglovin.com,Male,Human Resources,Brazil
62,Derward,Smallacombe,dsmallacombe1p@wisc.edu,Male,Support,Croatia
63,Knox,Agget,kagget1q@sourceforge.net,Male,Legal,Finland
64,Eberhard,Sinney,esinney1r@istockphoto.com,Male,Legal,Honduras
65,Claudius,Barnaby,cbarnaby1s@latimes.com,Male,Marketing,China
66,Rebekkah,Purser,rpurser1t@utexas.edu,Polygender,Support,Germany
67,Roch,Vedikhov,rvedikhov1u@networksolutions.com,Female,Sales,Philippines
68,Bale,Baldocci,bbaldocci1v@shareasale.com,Male,Marketing,Brazil
69,Alyce,Hurlestone,ahurlestone1w@stumbleupon.com,Female,Product Management,Russia
70,Denyse,Korn,dkorn1x@spiegel.de,Female,Business Development,Poland
71,Antoine,Wakelam,awakelam1y@ustream.tv,Male,Business Development,Nigeria
72,Winona,Hark,whark1z@apache.org,Female,Services,Czech Republic
73,Lucita,Figgess,lfiggess20@cornell.edu,Female,Legal,Serbia
74,Osborne,Peaker,opeaker21@tamu.edu,Male,Legal,China
75,Truda,MacCague,tmaccague22@diigo.com,Female,Business Development,China
76,Melisent,Kelleher,mkelleher23@typepad.com,Female,Training,China
77,Ailee,Toma,atoma24@geocities.jp,Female,Support,Canada
78,Rochell,Beldon,rbeldon25@sogou.com,Female,Engineering,China
79,Sheelagh,Noot,snoot26@mozilla.com,Female,Services,Russia
80,Kyle,Coare,kcoare27@reuters.com,Female,Business Development,Brazil
81,Melvyn,Bedson,mbedson28@narod.ru,Male,Research and Development,Netherlands
82,Crosby,Ferne,cferne29@ask.com,Male,Training,Burundi
83,Nataniel,Karran,nkarran2a@yahoo.com,Male,Business Development,Russia
84,Kendall,Catcheside,kcatcheside2b@google.es,Male,Sales,Vietnam
85,Alvy,Simonini,asimonini2c@independent.co.uk,Male,Training,China
86,Gayelord,Gauden,ggauden2d@mayoclinic.com,Genderqueer,Engineering,Myanmar
87,Cherey,Hartle,chartle2e@naver.com,Female,Support,Ethiopia
88,Mag,Coughlin,mcoughlin2f@foxnews.com,Female,Human Resources,Honduras
89,Concordia,Albion,calbion2g@cloudflare.com,Female,Legal,Bulgaria
90,Pepe,Emanuele,pemanuele2h@weebly.com,Male,Legal,United States
91,Lacee,Petrazzi,lpetrazzi2i@hatena.ne.jp,Female,Accounting,Indonesia
92,Ula,Pallaske,upallaske2j@pen.io,Female,Human Resources,Zambia
93,Mina,Tye,mtye2k@1688.com,Female,Product Management,China
94,Calla,Shewry,cshewry2l@pagesperso-orange.fr,Female,Legal,Indonesia
95,Mordy,Spore,mspore2m@yellowpages.com,Male,Services,Argentina
96,Aksel,McElrea,amcelrea2n@last.fm,Male,Sales,Macedonia
97,Brandi,Colomb,bcolomb2o@amazon.com,Female,Legal,Russia
98,Yank,Baynes,ybaynes2p@rambler.ru,Male,Engineering,Indonesia
99,Adan,Lamprecht,alamprecht2q@earthlink.net,Polygender,Sales,Portugal
100,Mickey,Mahon,mmahon2r@de.vu,Male,Sales,Cuba
101,Sigvard,Fashion,sfashion2s@youku.com,Male,Human Resources,New Zealand
102,Aidan,Sonner,asonner2t@yale.edu,Female,Research and Development,Ethiopia
103,Starr,Skeel,sskeel2u@army.mil,Female,Training,Lithuania
104,Mahmud,Keepin,mkeepin2v@thetimes.co.uk,Polygender,Sales,Russia
105,Guinevere,Lipgens,glipgens2w@livejournal.com,Female,Human Resources,Philippines
106,Jeffy,Tremayle,jtremayle2x@123-reg.co.uk,Male,Support,South Africa
107,Reagan,Croney,rcroney2y@cmu.edu,Male,Business Development,Czech Republic
108,Edd,Le Jean,elejean2z@technorati.com,Agender,Business Development,Thailand
109,Guglielmo,Hollows,ghollows30@deviantart.com,Male,Engineering,Sweden
110,Ashleigh,Pacht,apacht31@nsw.gov.au,Female,Sales,Greece
111,Eugenio,Mathen,emathen32@canalblog.com,Male,Human Resources,Afghanistan
112,Pernell,Bendson,pbendson33@indiatimes.com,Male,Human Resources,Brazil
113,Christabel,Divine,cdivine34@fda.gov,Female,Sales,Sweden
114,Inigo,Marler,imarler35@studiopress.com,Male,Human Resources,Finland
115,Marybeth,Clavering,mclavering36@google.fr,Female,Marketing,China
116,Catha,Hurdwell,churdwell37@domainmarket.com,Female,Support,France
117,Duane,Plett,dplett38@prnewswire.com,Male,Research and Development,Tanzania
118,Chaddie,Ashard,cashard39@dailymotion.com,Genderfluid,Product Management,Canada
119,Kincaid,Beckinsale,kbeckinsale3a@fema.gov,Male,Engineering,Spain
120,Sebastien,Siderfin,ssiderfin3b@netscape.com,Male,Training,China
121,Seth,MacIlurick,smacilurick3c@wufoo.com,Male,Product Management,Belarus
122,Petr,Elmer,pelmer3d@google.com.br,Male,Engineering,United Kingdom
123,Penny,St. Louis,pstlouis3e@blinklist.com,Male,Sales,Croatia
124,Giffer,Doorbar,gdoorbar3f@facebook.com,Male,Marketing,Guinea-Bissau
125,Vinson,Wasielewski,vwasielewski3g@oakley.com,Male,Accounting,Russia
126,Shirl,Blyth,sblyth3h@cbsnews.com,Female,Services,Poland
127,Cornelia,Slott,cslott3i@prnewswire.com,Female,Sales,Indonesia
128,Kinna,Kitching,kkitching3j@t.co,Female,Services,Chile
129,Robbin,Jennemann,rjennemann3k@cpanel.net,Female,Engineering,China
130,Justen,Boutflour,jboutflour3l@t.co,Male,Product Management,Papua New Guinea
131,Lara,Carine,lcarine3m@istockphoto.com,Female,Legal,Indonesia
132,Yanaton,Tidcombe,ytidcombe3n@squidoo.com,Male,Business Development,China
133,Kristos,Tungay,ktungay3o@nasa.gov,Male,Marketing,Poland
134,Roger,Ramme,rramme3p@feedburner.com,Male,Human Resources,Papua New Guinea
135,Zarah,Ratie,zratie3q@about.com,Female,Marketing,China
136,Sonia,Mouncher,smouncher3r@1688.com,Female,Accounting,China
137,June,Desbrow,jdesbrow3s@yandex.ru,Female,Engineering,Greece
138,Dill,Mercy,dmercy3t@mozilla.org,Male,Research and Development,Peru
139,Glendon,Carnaman,gcarnaman3u@t.co,Male,Training,Brazil
140,Brig,Gilfoyle,bgilfoyle3v@webs.com,Male,Engineering,Poland
141,Marsha,Radish,mradish3w@disqus.com,Female,Marketing,Indonesia
142,Candie,Earngy,cearngy3x@dailymail.co.uk,Female,Services,Israel
143,Randell,Springham,rspringham3y@sciencedaily.com,Male,Business Development,Niger
144,Kerry,Kordas,kkordas3z@yolasite.com,Male,Human Resources,Portugal
145,Glori,Dabbes,gdabbes40@taobao.com,Female,Engineering,China
146,Charley,Oliffe,coliffe41@so-net.ne.jp,Male,Support,Brazil
147,Wilfred,Chappell,wchappell42@soup.io,Male,Accounting,Poland
148,Barris,Midgely,bmidgely43@delicious.com,Male,Support,Sweden
149,Merwyn,Etchingham,metchingham44@reddit.com,Male,Business Development,Venezuela
150,Janella,Giveen,jgiveen45@angelfire.com,Female,Business Development,Indonesia
151,Scarface,Stobie,sstobie46@alibaba.com,Male,Services,Czech Republic
152,Norah,Bruckstein,nbruckstein47@wp.com,Female,Accounting,Croatia
153,Shanda,Weinberg,sweinberg48@bandcamp.com,Female,Accounting,Sweden
154,Homer,Dumbar,hdumbar49@jimdo.com,Male,Support,Philippines
155,Andy,Surridge,asurridge4a@purevolume.com,Female,Accounting,Brazil
156,Son,Logesdale,slogesdale4b@umn.edu,Male,Research and Development,Argentina
157,Nels,Stops,nstops4c@answers.com,Male,Research and Development,South Korea
158,Rosaline,Holdin,rholdin4d@pagesperso-orange.fr,Female,Marketing,Peru
159,Marcelle,Krinks,mkrinks4e@prweb.com,Female,Support,Nigeria
160,Brandy,Valek,bvalek4f@bluehost.com,Male,Research and Development,Russia
161,Merola,Skurm,mskurm4g@ovh.net,Female,Engineering,South Africa
162,Shandra,Pirnie,spirnie4h@miitbeian.gov.cn,Female,Training,China
163,Lorinda,Burrett,lburrett4i@foxnews.com,Female,Business Development,Portugal
164,Harcourt,Barczewski,hbarczewski4j@zimbio.com,Male,Marketing,Kenya
165,Blakelee,Wall,bwall4k@washington.edu,Non-binary,Human Resources,Kazakhstan
166,Stefan,Juza,sjuza4l@unesco.org,Genderfluid,Engineering,Croatia
167,Fan,Sinson,fsinson4m@admin.ch,Female,Human Resources,South Africa
168,Konstanze,Durnell,kdurnell4n@cloudflare.com,Female,Human Resources,France
169,Jermaine,Milington,jmilington4o@alibaba.com,Female,Support,China
170,Dorette,Durek,ddurek4p@sbwire.com,Female,Services,Mexico
171,Pietro,Coughlan,pcoughlan4q@zimbio.com,Male,Services,Philippines
172,Bryon,Frere,bfrere4r@miibeian.gov.cn,Male,Legal,Indonesia
173,Brina,Fawssett,bfawssett4s@ocn.ne.jp,Female,Sales,Ukraine
174,Quincey,Shatliffe,qshatliffe4t@mac.com,Male,Accounting,Philippines
175,Thorndike,Steedman,tsteedman4u@oracle.com,Polygender,Sales,China
176,Kerry,Tomes,ktomes4v@mashable.com,Male,Legal,Azerbaijan
177,Jecho,Clail,jclail4w@ox.ac.uk,Male,Marketing,Nepal
178,Nathanil,Wike,nwike4x@homestead.com,Male,Research and Development,Indonesia
179,Vidovic,Dufer,vdufer4y@squidoo.com,Male,Sales,Canada
180,Michaeline,Roark,mroark4z@weather.com,Female,Accounting,China
181,Torrance,Coslett,tcoslett50@toplist.cz,Male,Training,China
182,Paulie,Shoebridge,pshoebridge51@fema.gov,Male,Services,Indonesia
183,Maggee,Greenhow,mgreenhow52@zimbio.com,Female,Training,Canada
184,Stafford,Melliard,smelliard53@washington.edu,Male,Training,Czech Republic
185,Darrel,Bemwell,dbemwell54@hugedomains.com,Male,Marketing,Brazil
186,Desdemona,Sygrove,dsygrove55@histats.com,Female,Marketing,Poland
187,Kippie,Danzelman,kdanzelman56@canalblog.com,Female,Accounting,China
188,Eddie,Pettisall,epettisall57@npr.org,Male,Sales,Philippines
189,Mac,Jozwik,mjozwik58@issuu.com,Male,Marketing,Serbia
190,Ariel,Ramalho,aramalho59@stanford.edu,Female,Support,France
191,Adela,Megahey,amegahey5a@wired.com,Female,Human Resources,Sweden
192,Birgitta,Thrasher,bthrasher5b@livejournal.com,Female,Human Resources,Ukraine
193,Veronique,Cohani,vcohani5c@yahoo.co.jp,Female,Research and Development,China
194,Lacey,Le Blanc,lleblanc5d@slate.com,Female,Product Management,Indonesia
195,Vite,Ulyet,vulyet5e@w3.org,Male,Support,China
196,Halie,Seldon,hseldon5f@sohu.com,Female,Sales,Brazil
197,Maynord,McGuinness,mmcguinness5g@ucoz.com,Male,Training,Nicaragua
198,Babita,Clooney,bclooney5h@naver.com,Non-binary,Sales,Croatia
199,Joni,Kitson,jkitson5i@illinois.edu,Female,Legal,Poland
200,Brandy,Macura,bmacura5j@exblog.jp,Male,Training,Canada
201,Thia,Southcoat,tsouthcoat5k@github.com,Bigender,Engineering,Ukraine
202,Burnard,Durbin,bdurbin5l@yahoo.co.jp,Male,Sales,Argentina
203,Lenci,Dean,ldean5m@a8.net,Male,Training,China
204,Gordon,Cranmere,gcranmere5n@cnet.com,Male,Human Resources,Indonesia
205,Bastien,Taylder,btaylder5o@angelfire.com,Male,Research and Development,Indonesia
206,Chauncey,Calladine,ccalladine5p@elegantthemes.com,Male,Training,Laos
207,Luca,Cafe,lcafe5q@state.gov,Male,Business Development,China
208,Sephira,Bremeyer,sbremeyer5r@reference.com,Female,Sales,Canada
209,Camella,McDirmid,cmcdirmid5s@hexun.com,Female,Accounting,Uzbekistan
210,Niki,Ritchings,nritchings5t@bloglovin.com,Male,Legal,France
211,Jonah,Ambrogetti,jambrogetti5u@java.com,Male,Engineering,Peru
212,Staffard,Henningham,shenningham5v@clickbank.net,Polygender,Research and Development,Sweden
213,Dolli,Brunsdon,dbrunsdon5w@ehow.com,Female,Marketing,Portugal
214,Jecho,Murch,jmurch5x@pen.io,Male,Human Resources,China
215,Shaun,Inston,sinston5y@va.gov,Male,Research and Development,Kenya
216,Denise,Morshead,dmorshead5z@twitpic.com,Female,Research and Development,Serbia
217,Bunny,Baybutt,bbaybutt60@over-blog.com,Female,Marketing,Armenia
218,Karna,Kilrow,kkilrow61@oakley.com,Female,Marketing,Vietnam
219,Kaine,Deplacido,kdeplacido62@japanpost.jp,Male,Business Development,China
220,Thea,Kohler,tkohler63@chicagotribune.com,Female,Business Development,Belgium
221,Robbin,Eingerfield,reingerfield64@reference.com,Female,Research and Development,Brazil
222,Ailis,Harper,aharper65@macromedia.com,Female,Human Resources,Japan
223,Zulema,Slott,zslott66@is.gd,Female,Business Development,Norway
224,Dyan,Downe,ddowne67@constantcontact.com,Female,Accounting,China
225,Vania,Schooling,vschooling68@domainmarket.com,Female,Research and Development,Russia
226,Ellery,Wrintmore,ewrintmore69@census.gov,Male,Training,Tajikistan
227,Marcela,Klass,mklass6a@friendfeed.com,Female,Sales,France
228,Daryl,Dowding,ddowding6b@adobe.com,Male,Legal,Thailand
229,Horton,Dusey,hdusey6c@smugmug.com,Male,Legal,China
230,Arden,Cowlard,acowlard6d@livejournal.com,Female,Legal,Indonesia
231,Den,Giovannacci,dgiovannacci6e@utexas.edu,Male,Marketing,Thailand
232,Ede,Corps,ecorps6f@reverbnation.com,Genderqueer,Product Management,Argentina
233,Jase,Klaffs,jklaffs6g@aboutads.info,Male,Services,Brazil
234,Garwood,Jaslem,gjaslem6h@goo.gl,Male,Marketing,Indonesia
235,Rica,Cromer,rcromer6i@hatena.ne.jp,Female,Support,China
236,Marijo,Bowich,mbowich6j@scientificamerican.com,Female,Legal,Iran
237,Brittaney,Norman,bnorman6k@geocities.com,Female,Product Management,China
238,Anthiathia,Enrico,aenrico6l@123-reg.co.uk,Bigender,Accounting,Philippines
239,Terrance,Jindrak,tjindrak6m@goo.gl,Agender,Research and Development,China
240,Quinn,Abramcik,qabramcik6n@clickbank.net,Male,Training,Sweden
241,Lester,MacDuff,lmacduff6o@who.int,Male,Training,Poland
242,Munmro,Rzehor,mrzehor6p@php.net,Male,Services,Mayotte
243,Avictor,Manders,amanders6q@tumblr.com,Male,Legal,China
244,Willie,Bourdon,wbourdon6r@vk.com,Male,Product Management,Ireland
245,Jackie,Tooke,jtooke6s@devhub.com,Male,Human Resources,China
246,Dom,Millen,dmillen6t@wikipedia.org,Male,Research and Development,China
247,Luise,Beevors,lbeevors6u@hexun.com,Female,Product Management,Russia
248,Quent,Pickett,qpickett6v@paypal.com,Male,Sales,Philippines
249,Ev,Ashpital,eashpital6w@slashdot.org,Non-binary,Research and Development,Brazil
250,Alison,Vaskov,avaskov6x@businesswire.com,Female,Product Management,China
251,Grenville,Seale,gseale6y@drupal.org,Male,Human Resources,China
252,Vaughan,Mc Pake,vmcpake6z@mail.ru,Male,Research and Development,Bangladesh
253,Katheryn,Burtonwood,kburtonwood70@ifeng.com,Female,Human Resources,Sweden
254,Salli,Caush,scaush71@spotify.com,Female,Product Management,China
255,Peggie,Gavaghan,pgavaghan72@vinaora.com,Female,Sales,Indonesia
256,Bobbie,de Marco,bdemarco73@msu.edu,Male,Business Development,France
257,Phillipe,Chapple,pchapple74@reverbnation.com,Male,Support,Finland
258,Natty,Ballintime,nballintime75@acquirethisname.com,Agender,Services,Thailand
259,Grissel,Payfoot,gpayfoot76@creativecommons.org,Female,Engineering,Russia
260,Sergio,Hatch,shatch77@uiuc.edu,Male,Training,Dominican Republic
261,Anabella,Rebeiro,arebeiro78@hexun.com,Female,Sales,Philippines
262,Jacob,Silverton,jsilverton79@nydailynews.com,Male,Sales,Czech Republic
263,Chancey,Alman,calman7a@usatoday.com,Male,Services,Sri Lanka
264,Octavius,Lattimore,olattimore7b@hp.com,Male,Training,Guatemala
265,Blanch,Goodger,bgoodger7c@phoca.cz,Female,Business Development,China
266,Minnnie,Clift,mclift7d@myspace.com,Female,Accounting,Indonesia
267,Granger,Aldwick,galdwick7e@rediff.com,Male,Training,Sweden
268,Martyn,McGilvary,mmcgilvary7f@php.net,Polygender,Business Development,Russia
269,Dionisio,McMorland,dmcmorland7g@xinhuanet.com,Male,Sales,Poland
270,Aldwin,Wilshere,awilshere7h@disqus.com,Male,Accounting,Ivory Coast
271,Frederick,Cantwell,fcantwell7i@zdnet.com,Male,Legal,Zambia
272,Lola,Woolfitt,lwoolfitt7j@salon.com,Female,Accounting,Philippines
273,Othello,Beaumont,obeaumont7k@bbc.co.uk,Male,Product Management,Russia
274,Derick,Conn,dconn7l@alibaba.com,Male,Research and Development,Mauritius
275,Farlay,Cornewell,fcornewell7m@shinystat.com,Male,Accounting,Venezuela
276,Redford,Weild,rweild7n@gov.uk,Male,Support,Japan
277,Holt,Westrey,hwestrey7o@homestead.com,Male,Engineering,Indonesia
278,Tymon,Twede,ttwede7p@wunderground.com,Male,Product Management,Russia
279,Red,MacWhirter,rmacwhirter7q@sakura.ne.jp,Male,Accounting,China
280,Padraic,Marwood,pmarwood7r@etsy.com,Male,Services,Thailand
281,Lindsay,Demeza,ldemeza7s@huffingtonpost.com,Male,Sales,China
282,Penni,Sprigin,psprigin7t@usatoday.com,Female,Training,Russia
283,Ania,Lawles,alawles7u@altervista.org,Female,Legal,Zambia
284,Dwayne,Kinghorn,dkinghorn7v@google.co.jp,Male,Support,Philippines
285,Bondy,Brierley,bbrierley7w@desdev.cn,Male,Engineering,Iran
286,Shayne,Davidofski,sdavidofski7x@sfgate.com,Polygender,Research and Development,Honduras
287,Melody,Dransfield,mdransfield7y@plala.or.jp,Female,Human Resources,Brazil
288,Clayborn,Margerison,cmargerison7z@huffingtonpost.com,Male,Legal,Pakistan
289,Mordy,Toffaloni,mtoffaloni80@oakley.com,Male,Accounting,Ukraine
290,Curtis,Scholling,cscholling81@dmoz.org,Male,Human Resources,Bulgaria
291,Helenelizabeth,Sweet,hsweet82@hud.gov,Non-binary,Marketing,China
292,Colas,Gheorghie,cgheorghie83@linkedin.com,Male,Accounting,Morocco
293,Lavena,Thecham,lthecham84@springer.com,Female,Research and Development,Russia
294,Maxy,Bakewell,mbakewell85@scribd.com,Male,Accounting,Philippines
295,Alfred,Flintoff,aflintoff86@smugmug.com,Male,Product Management,Russia
296,Shaine,Pernell,spernell87@bigcartel.com,Female,Engineering,China
297,Wald,Le Marquand,wlemarquand88@reverbnation.com,Male,Training,Iran
298,Susy,Malin,smalin89@amazonaws.com,Female,Legal,Sweden
299,Devondra,Ironside,dironside8a@businessinsider.com,Agender,Sales,China
300,Westbrook,Peche,wpeche8b@histats.com,Male,Legal,Portugal
301,Iago,McSporon,imcsporon8c@altervista.org,Genderqueer,Marketing,China
302,Gottfried,Feares,gfeares8d@apache.org,Male,Research and Development,Bosnia and Herzegovina
303,Seth,Longstaff,slongstaff8e@columbia.edu,Male,Engineering,Belarus
304,Esma,Bruckner,ebruckner8f@fema.gov,Non-binary,Research and Development,Portugal
305,Bonny,Brunicke,bbrunicke8g@kickstarter.com,Female,Business Development,Chad
306,Brion,Fante,bfante8h@discuz.net,Male,Marketing,Indonesia
307,Deonne,Temperley,dtemperley8i@reuters.com,Female,Engineering,Portugal
308,Herrick,Izhak,hizhak8j@indiegogo.com,Bigender,Sales,Armenia
309,Jinny,Tomalin,jtomalin8k@discovery.com,Female,Sales,Slovenia
310,Brietta,Ranking,branking8l@biblegateway.com,Female,Business Development,Brazil
311,Ellsworth,Devonport,edevonport8m@census.gov,Male,Marketing,Afghanistan
312,Suzy,Becket,sbecket8n@quantcast.com,Female,Business Development,Indonesia
313,Estella,Hanks,ehanks8o@ucoz.ru,Female,Support,Czech Republic
314,Maggie,Cadany,mcadany8p@skype.com,Female,Research and Development,Indonesia
315,Cornall,Lynam,clynam8q@sciencedirect.com,Male,Engineering,Russia
316,Aldin,Masarrat,amasarrat8r@skyrock.com,Male,Services,China
317,Emmy,Rubanenko,erubanenko8s@canalblog.com,Female,Sales,China
318,Rubie,Matveiko,rmatveiko8t@slideshare.net,Non-binary,Accounting,Morocco
319,Quill,Windas,qwindas8u@yahoo.co.jp,Male,Legal,Indonesia
320,Hazel,Dearing,hdearing8v@sbwire.com,Female,Marketing,Pakistan
321,Dianemarie,Strotone,dstrotone8w@tripadvisor.com,Genderqueer,Sales,United States
322,Rupert,Cownden,rcownden8x@bbb.org,Male,Research and Development,Peru
323,Lucretia,Varnes,lvarnes8y@bizjournals.com,Female,Human Resources,Portugal
324,Kerrin,Vosse,kvosse8z@hubpages.com,Female,Legal,Hungary
325,Salvidor,Clemencon,sclemencon90@un.org,Male,Human Resources,China
326,Darby,Bau,dbau91@hatena.ne.jp,Female,Sales,Brazil
327,Bord,Presnall,bpresnall92@addthis.com,Male,Services,China
328,Susanna,Peerless,speerless93@latimes.com,Female,Support,China
329,Valentin,Mound,vmound94@examiner.com,Male,Business Development,United States
330,Boonie,Ramsay,bramsay95@amazon.com,Male,Training,Germany
331,Neysa,Bercevelo,nbercevelo96@trellian.com,Female,Product Management,Japan
332,Claudine,Stanlick,cstanlick97@rakuten.co.jp,Female,Sales,Switzerland
333,Griff,Denty,gdenty98@msn.com,Male,Human Resources,South Korea
334,Zachariah,Buxton,zbuxton99@oracle.com,Male,Engineering,Indonesia
335,Dode,Meddick,dmeddick9a@aol.com,Female,Product Management,Colombia
336,Kin,Pickless,kpickless9b@imdb.com,Male,Business Development,China
337,Pancho,Drinkwater,pdrinkwater9c@ucla.edu,Male,Training,Japan
338,Vicki,Dagg,vdagg9d@vinaora.com,Female,Legal,Ethiopia
339,Rustie,Veall,rveall9e@wp.com,Male,Sales,Sweden
340,Miquela,Kubat,mkubat9f@flavors.me,Female,Engineering,China
341,Felicio,Willowby,fwillowby9g@cnn.com,Male,Accounting,Ukraine
342,Yetta,Voules,yvoules9h@blogtalkradio.com,Female,Engineering,Kosovo
343,Layton,Tuppeny,ltuppeny9i@jalbum.net,Male,Marketing,Myanmar
344,Dave,Lob,dlob9j@narod.ru,Genderqueer,Research and Development,Russia
345,Gav,Bailes,gbailes9k@microsoft.com,Male,Training,Poland
346,Edan,Camp,ecamp9l@deviantart.com,Male,Sales,Russia
347,Cathryn,Flowith,cflowith9m@slideshare.net,Female,Engineering,Poland
348,Randell,Walkowski,rwalkowski9n@ehow.com,Male,Legal,Sweden
349,Marchelle,Gilmartin,mgilmartin9o@live.com,Female,Services,Sierra Leone
350,Berky,Callaway,bcallaway9p@sphinn.com,Male,Training,Russia
351,Griswold,Lydiate,glydiate9q@t-online.de,Male,Services,Indonesia
352,Ikey,Chadwell,ichadwell9r@webeden.co.uk,Male,Human Resources,Georgia
353,Mic,de Marco,mdemarco9s@uol.com.br,Male,Legal,Indonesia
354,Dorthea,Jeandon,djeandon9t@ocn.ne.jp,Female,Product Management,Philippines
355,Radcliffe,Napoleon,rnapoleon9u@drupal.org,Male,Product Management,China
356,Lyndsay,Brittle,lbrittle9v@webnode.com,Female,Legal,Guinea
357,Britteny,Bonnaire,bbonnaire9w@weibo.com,Female,Accounting,Tanzania
358,Eva,Bazoge,ebazoge9x@cyberchimps.com,Female,Human Resources,Poland
359,Brenden,Chatan,bchatan9y@spiegel.de,Male,Product Management,China
360,Padriac,Bareford,pbareford9z@mysql.com,Male,Support,Ukraine
361,Turner,Handmore,thandmorea0@mayoclinic.com,Male,Services,Russia
362,Davida,De Witt,ddewitta1@amazon.com,Female,Services,Indonesia
363,Miltie,Rosenzveig,mrosenzveiga2@woothemes.com,Male,Engineering,Philippines
364,Dewey,Quakley,dquakleya3@1688.com,Genderqueer,Marketing,China
365,Kathe,Garm,kgarma4@de.vu,Female,Human Resources,China
366,Cordelie,Hammel,chammela5@sfgate.com,Female,Services,Thailand
367,Dianemarie,Vallender,dvallendera6@sbwire.com,Female,Support,Peru
368,Tybalt,Kalinsky,tkalinskya7@zimbio.com,Male,Engineering,United Kingdom
369,Decca,Fancutt,dfancutta8@gravatar.com,Male,Research and Development,El Salvador
370,Florette,Kleiser,fkleisera9@mlb.com,Female,Product Management,Russia
371,Nadia,Adshad,nadshadaa@tumblr.com,Female,Product Management,China
372,Verile,Ricart,vricartab@cargocollective.com,Female,Marketing,Norway
373,Obadiah,Jodrellec,ojodrellecac@unblog.fr,Male,Sales,Iran
374,Selinda,Cristoferi,scristoferiad@ibm.com,Female,Engineering,Poland
375,Isaac,Younger,iyoungerae@hostgator.com,Male,Support,Honduras
376,Zedekiah,Lane,zlaneaf@twitter.com,Male,Research and Development,Malawi
377,Rhonda,Fernant,rfernantag@dell.com,Female,Engineering,Japan
378,Shanie,Laughlin,slaughlinah@woothemes.com,Bigender,Sales,Portugal
379,Fidole,Espinho,fespinhoai@umn.edu,Male,Services,Russia
380,Cordelie,Shepherd,cshepherdaj@list-manage.com,Female,Legal,China
381,Kyle,Herkess,kherkessak@istockphoto.com,Male,Product Management,United States
382,Sydney,Hefner,shefneral@independent.co.uk,Male,Engineering,Indonesia
383,Sharl,Ast,sastam@weibo.com,Agender,Support,China
384,Shellie,Creddon,screddonan@va.gov,Female,Training,Vietnam
385,Dionysus,Pragnall,dpragnallao@globo.com,Male,Services,Madagascar
386,Nesta,Greatorex,ngreatorexap@about.com,Agender,Accounting,Poland
387,Roch,Rohlfing,rrohlfingaq@shop-pro.jp,Female,Human Resources,China
388,Coleen,Kmicicki,ckmicickiar@fastcompany.com,Female,Sales,Poland
389,Deeyn,Jellman,djellmanas@mediafire.com,Female,Legal,Tajikistan
390,Michele,Kenneford,mkennefordat@bloomberg.com,Male,Research and Development,China
391,Adelheid,Pilbury,apilburyau@about.me,Female,Services,Sweden
392,Pepi,Stuckes,pstuckesav@wiley.com,Female,Engineering,Yemen
393,Hollis,Lunam,hlunamaw@eventbrite.com,Male,Legal,Philippines
394,Mil,Browncey,mbrownceyax@omniture.com,Female,Services,Russia
395,Alla,Keam,akeamay@yellowbook.com,Female,Support,Russia
396,Helen,Giraudel,hgiraudelaz@vinaora.com,Female,Business Development,China
397,Jourdan,Zoren,jzorenb0@howstuffworks.com,Bigender,Services,Ivory Coast
398,Ashlee,Burmingham,aburminghamb1@miitbeian.gov.cn,Female,Sales,China
399,Robers,Ord,rordb2@dion.ne.jp,Male,Sales,Indonesia
400,Washington,Leftbridge,wleftbridgeb3@cdbaby.com,Male,Legal,Portugal
401,Codie,Ellsworthe,cellswortheb4@comcast.net,Female,Marketing,Argentina
402,Nestor,Treeby,ntreebyb5@intel.com,Male,Business Development,Netherlands
403,Hayley,Espley,hespleyb6@ocn.ne.jp,Female,Business Development,Indonesia
404,Norah,Olrenshaw,nolrenshawb7@hexun.com,Female,Product Management,Philippines
405,Prentiss,Dies,pdiesb8@ezinearticles.com,Male,Business Development,Czech Republic
406,Matthieu,Torns,mtornsb9@aboutads.info,Male,Services,Poland
407,Marline,MacSweeney,mmacsweeneyba@wiley.com,Female,Marketing,China
408,Bartholomew,Ream,breambb@youtu.be,Male,Training,Ghana
409,Monroe,Ebbings,mebbingsbc@hugedomains.com,Male,Product Management,Philippines
410,Benton,Yakovich,byakovichbd@ucoz.com,Male,Product Management,Indonesia
411,Aleece,Jindrak,ajindrakbe@ameblo.jp,Female,Accounting,Indonesia
412,Simon,Deverille,sdeverillebf@tripod.com,Male,Research and Development,Gambia
413,Gannie,Akister,gakisterbg@privacy.gov.au,Male,Engineering,Ivory Coast
414,Derril,Mullinder,dmullinderbh@sina.com.cn,Male,Marketing,China
415,Redd,Sagerson,rsagersonbi@infoseek.co.jp,Male,Accounting,China
416,Sharyl,Rocco,sroccobj@acquirethisname.com,Female,Human Resources,Portugal
417,Estevan,Downey,edowneybk@rakuten.co.jp,Male,Accounting,Chile
418,Lu,Serrurier,lserrurierbl@soundcloud.com,Genderfluid,Business Development,Brazil
419,Hamish,Burmaster,hburmasterbm@tinyurl.com,Male,Product Management,Russia
420,Fleurette,Derdes,fderdesbn@nature.com,Female,Marketing,Ecuador
421,Manda,O' Meara,momearabo@reddit.com,Polygender,Support,Ireland
422,Standford,Challice,schallicebp@ocn.ne.jp,Male,Research and Development,Canada
423,Cordula,Glazzard,cglazzardbq@ycombinator.com,Female,Product Management,Philippines
424,Moe,Caught,mcaughtbr@hp.com,Male,Marketing,Russia
425,Natalina,Zanneli,nzannelibs@tripadvisor.com,Female,Marketing,Germany
426,Sunny,Coils,scoilsbt@stumbleupon.com,Female,Engineering,Lithuania
427,Sallee,Cheley,scheleybu@xrea.com,Bigender,Business Development,China
428,Matty,Doddemeede,mdoddemeedebv@columbia.edu,Male,Support,France
429,Idaline,Grebbin,igrebbinbw@latimes.com,Female,Business Development,Indonesia
430,Mischa,Harborow,mharborowbx@naver.com,Male,Support,Nepal
431,Bridie,Houtbie,bhoutbieby@php.net,Female,Legal,Greece
432,Selby,Penrice,spenricebz@narod.ru,Male,Accounting,Philippines
433,Alejandro,Cathrae,acathraec0@blinklist.com,Male,Business Development,Brazil
434,Viki,Peddie,vpeddiec1@uiuc.edu,Female,Product Management,China
435,Deeanne,Gait,dgaitc2@army.mil,Female,Sales,Indonesia
436,Laryssa,Romi,lromic3@pcworld.com,Female,Support,Kazakhstan
437,Eugine,Zotto,ezottoc4@cnbc.com,Female,Accounting,Poland
438,Milena,Parley,mparleyc5@msu.edu,Female,Legal,Armenia
439,Eleonore,McKellen,emckellenc6@a8.net,Female,Marketing,Portugal
440,Massimiliano,Bauchop,mbauchopc7@cocolog-nifty.com,Male,Accounting,Serbia
441,Onfre,Shoesmith,oshoesmithc8@theglobeandmail.com,Male,Marketing,Czech Republic
442,Tracie,Braybrook,tbraybrookc9@irs.gov,Female,Human Resources,France
443,Mill,Lycett,mlycettca@google.cn,Bigender,Human Resources,Azerbaijan
444,Gerrie,McCorrie,gmccorriecb@oaic.gov.au,Female,Support,Madagascar
445,Ursula,Farron,ufarroncc@cnet.com,Female,Marketing,Brazil
446,Hunfredo,Monks,hmonkscd@zdnet.com,Male,Product Management,China
447,Lizzie,Thormann,lthormannce@dailymotion.com,Female,Support,Japan
448,Adel,Beldon,abeldoncf@hostgator.com,Female,Human Resources,Nigeria
449,Barbara,Labon,blaboncg@infoseek.co.jp,Polygender,Support,Indonesia
450,Berny,Craw,bcrawch@de.vu,Male,Services,Philippines
451,Felic,Leguey,flegueyci@oracle.com,Male,Research and Development,Philippines
452,Rik,Gethin,rgethincj@soup.io,Male,Legal,Syria
453,Dukey,Hardage,dhardageck@furl.net,Male,Support,Nigeria
454,Markos,Wallsam,mwallsamcl@usda.gov,Male,Research and Development,Thailand
455,Bertrando,Dotson,bdotsoncm@deviantart.com,Male,Product Management,Pakistan
456,Kilian,Hollindale,khollindalecn@people.com.cn,Male,Marketing,China
457,Aile,Kemmish,akemmishco@chronoengine.com,Female,Accounting,China
458,Kiel,Dundon,kdundoncp@histats.com,Male,Sales,Philippines
459,Dag,Kuzma,dkuzmacq@google.cn,Male,Sales,Indonesia
460,Prisca,Ingree,pingreecr@archive.org,Female,Marketing,Indonesia
461,Hamish,Ferry,hferrycs@mit.edu,Genderqueer,Services,Philippines
462,Gwyn,Purcell,gpurcellct@harvard.edu,Female,Engineering,Portugal
463,Taddeusz,Edgler,tedglercu@drupal.org,Male,Accounting,China
464,Gerek,Clarey,gclareycv@shop-pro.jp,Genderfluid,Training,Brazil
465,Cal,Pauleau,cpauleaucw@google.nl,Male,Accounting,Afghanistan
466,Julianne,Sefton,jseftoncx@nhs.uk,Female,Business Development,China
467,Bourke,Theseira,btheseiracy@cdc.gov,Male,Sales,China
468,Joell,Kalinsky,jkalinskycz@reference.com,Agender,Support,United States
469,Viv,Duinbleton,vduinbletond0@cdc.gov,Female,Engineering,Japan
470,Dav,Sames,dsamesd1@bloglines.com,Male,Accounting,France
471,Gavrielle,Imason,gimasond2@zdnet.com,Female,Engineering,Indonesia
472,Isidoro,Mogey,imogeyd3@dyndns.org,Male,Legal,Ireland
473,Price,Vossgen,pvossgend4@hibu.com,Male,Support,Indonesia
474,Dunc,Cantopher,dcantopherd5@irs.gov,Male,Sales,Canada
475,Tonye,Betham,tbethamd6@friendfeed.com,Female,Research and Development,Saint Kitts and Nevis
476,Wadsworth,Gloster,wglosterd7@storify.com,Male,Business Development,Thailand
477,Ryan,Soppit,rsoppitd8@mtv.com,Male,Accounting,China
478,Flint,Orth,forthd9@purevolume.com,Male,Business Development,Russia
479,Crysta,Carlow,ccarlowda@geocities.com,Female,Marketing,Argentina
480,Derk,Gobert,dgobertdb@goo.ne.jp,Male,Business Development,Sweden
481,Mavra,Raselles,mrasellesdc@google.co.jp,Female,Legal,Poland
482,Marys,Birks,mbirksdd@photobucket.com,Female,Services,China
483,Ilka,Boschmann,iboschmannde@wsj.com,Female,Research and Development,Poland
484,Tillie,Barczynski,tbarczynskidf@odnoklassniki.ru,Female,Business Development,Ukraine
485,Cass,Raynes,craynesdg@bluehost.com,Non-binary,Services,Norway
486,Barbee,Zuann,bzuanndh@zdnet.com,Female,Research and Development,Indonesia
487,Jo ann,Corser,jcorserdi@icio.us,Female,Business Development,Indonesia
488,Hort,Condit,hconditdj@gnu.org,Male,Accounting,Honduras
489,Sanford,Plumridge,splumridgedk@360.cn,Male,Training,Thailand
490,Alida,Dorrington,adorringtondl@acquirethisname.com,Female,Business Development,Canada
491,Ansell,Cruse,acrusedm@whitehouse.gov,Male,Services,China
492,Isahella,Balm,ibalmdn@usa.gov,Female,Sales,Honduras
493,Witty,Pembry,wpembrydo@reverbnation.com,Male,Business Development,China
494,Earlie,Pena,epenadp@com.com,Male,Human Resources,Russia
495,Sonia,Dineges,sdinegesdq@scientificamerican.com,Female,Product Management,Czech Republic
496,Penny,Thom,pthomdr@google.com.au,Male,Support,Indonesia
497,Lon,Kelloch,lkellochds@census.gov,Male,Product Management,China
498,Monroe,Volett,mvolettdt@qq.com,Male,Training,Mongolia
499,Kerry,Anelay,kanelaydu@jigsy.com,Female,Product Management,Philippines
500,Aloisia,Stuckow,astuckowdv@cargocollective.com,Female,Engineering,China
501,Sutherlan,Blackledge,sblackledgedw@mlb.com,Male,Sales,Indonesia
502,Denise,Curragh,dcurraghdx@uiuc.edu,Agender,Research and Development,Panama
503,Cordie,Crumly,ccrumlydy@ycombinator.com,Agender,Business Development,China
504,Aggi,Uden,audendz@forbes.com,Polygender,Product Management,China
505,William,Di Domenico,wdidomenicoe0@mail.ru,Male,Research and Development,United States
506,Denni,Wride,dwridee1@upenn.edu,Female,Marketing,Mexico
507,Raffaello,Bedlington,rbedlingtone2@stanford.edu,Male,Services,China
508,Lon,Berzon,lberzone3@bloglines.com,Male,Sales,Botswana
509,Sybille,Fellow,sfellowe4@illinois.edu,Female,Accounting,Azerbaijan
510,Mario,Marielle,mmariellee5@alexa.com,Male,Legal,Egypt
511,Averyl,Bollam,abollame6@goo.gl,Female,Accounting,South Africa
512,Eadmund,Huskinson,ehuskinsone7@ucoz.com,Male,Product Management,China
513,Margy,Gjerde,mgjerdee8@nydailynews.com,Female,Engineering,Macedonia
514,Harriott,Heindle,hheindlee9@fda.gov,Genderqueer,Sales,Sweden
515,Wye,Simonazzi,wsimonazziea@noaa.gov,Male,Training,China
516,Layney,Davidofski,ldavidofskieb@g.co,Female,Accounting,China
517,Demetra,Kaminski,dkaminskiec@fema.gov,Female,Product Management,Ukraine
518,Uta,Welbelove,uwelbeloveed@elegantthemes.com,Female,Engineering,France
519,Bernice,Rimmer,brimmeree@phoca.cz,Female,Research and Development,Peru
520,Dory,Kille,dkilleef@cnn.com,Female,Sales,Serbia
521,Lezley,Aleksashin,laleksashineg@nps.gov,Male,Engineering,El Salvador
522,Orrin,Burdas,oburdaseh@businesswire.com,Male,Human Resources,United States
523,Tully,Brundale,tbrundaleei@japanpost.jp,Male,Human Resources,Portugal
524,Cesare,Brummitt,cbrummittej@blogspot.com,Male,Services,Brazil
525,Skipper,Tattershall,stattershallek@t-online.de,Male,Business Development,Brazil
526,Scott,Rambaut,srambautel@businessweek.com,Male,Human Resources,Poland
527,Gabriel,Hugonneau,ghugonneauem@mac.com,Male,Training,China
528,Cindie,Adicot,cadicoten@cbsnews.com,Female,Services,Indonesia
529,Phillis,Weatherhogg,pweatherhoggeo@acquirethisname.com,Agender,Human Resources,Portugal
530,Glenn,Blowers,gblowersep@webmd.com,Male,Training,Uruguay
531,Lorenzo,Cars,lcarseq@sina.com.cn,Male,Marketing,Russia
532,Tessa,Ritchman,tritchmaner@state.gov,Agender,Support,France
533,Anetta,Chawkley,achawkleyes@ihg.com,Female,Business Development,Chile
534,Sander,Duckers,sduckerset@buzzfeed.com,Male,Legal,Brazil
535,Nettie,Netherwood,nnetherwoodeu@google.it,Female,Engineering,Mauritius
536,Leigh,Pallatina,lpallatinaev@ihg.com,Female,Business Development,China
537,Korey,Crossgrove,kcrossgroveew@ustream.tv,Male,Product Management,Uganda
538,Junie,Entissle,jentissleex@admin.ch,Female,Accounting,Russia
539,Carleton,Izkovitz,cizkovitzey@taobao.com,Male,Accounting,Russia
540,Estevan,Yoseloff,eyoseloffez@businessinsider.com,Male,Engineering,Sweden
541,Hyacintha,Ridding,hriddingf0@exblog.jp,Female,Accounting,Finland
542,Karola,Guild,kguildf1@mozilla.org,Female,Human Resources,Indonesia
543,Merrile,Huton,mhutonf2@51.la,Female,Engineering,China
544,Austine,Wettern,awetternf3@sbwire.com,Female,Legal,Netherlands
545,Marga,Balthasar,mbalthasarf4@marketwatch.com,Female,Business Development,Macedonia
546,Fields,Murley,fmurleyf5@wisc.edu,Male,Product Management,Thailand
547,Myrna,Gorringe,mgorringef6@hao123.com,Female,Legal,Sweden
548,Kristofer,Cunnell,kcunnellf7@ameblo.jp,Male,Business Development,Sweden
549,Trixy,Fellgate,tfellgatef8@pen.io,Female,Business Development,China
550,Carmela,Rubartelli,crubartellif9@vinaora.com,Female,Human Resources,Philippines
551,Sonja,Calafato,scalafatofa@umn.edu,Female,Sales,Belarus
552,Nealon,Peert,npeertfb@blogs.com,Male,Marketing,Sweden
553,Ebeneser,Widger,ewidgerfc@jalbum.net,Genderfluid,Accounting,Russia
554,Eldin,Palke,epalkefd@indiegogo.com,Male,Support,Tajikistan
555,Boyd,Mattisssen,bmattisssenfe@illinois.edu,Male,Engineering,China
556,Vergil,Moodie,vmoodieff@cargocollective.com,Male,Legal,Philippines
557,Warner,Boutell,wboutellfg@chron.com,Male,Support,France
558,Carmencita,Blaxton,cblaxtonfh@huffingtonpost.com,Female,Marketing,Uruguay
559,Orelee,Bellefonte,obellefontefi@tiny.cc,Female,Product Management,China
560,Helyn,Bole,hbolefj@pen.io,Female,Business Development,Indonesia
561,Sollie,Dupree,sdupreefk@time.com,Male,Training,Ukraine
562,Andi,Rosenzveig,arosenzveigfl@cafepress.com,Female,Support,Indonesia
563,Tish,Kitchen,tkitchenfm@cdc.gov,Female,Support,Afghanistan
564,Catlaina,Champain,cchampainfn@slate.com,Female,Human Resources,China
565,Willetta,Addy,waddyfo@photobucket.com,Female,Legal,France
566,Raynard,Atlee,ratleefp@networkadvertising.org,Male,Engineering,Canada
567,Lianna,McKerley,lmckerleyfq@google.com.hk,Female,Support,Bulgaria
568,Betty,Biagini,bbiaginifr@wordpress.org,Female,Research and Development,Iran
569,Sargent,Wetherald,swetheraldfs@stumbleupon.com,Male,Research and Development,China
570,Clementina,Lomath,clomathft@slate.com,Female,Research and Development,Ecuador
571,Bordie,Sergant,bsergantfu@usatoday.com,Genderqueer,Research and Development,Uruguay
572,Meredith,Farbrother,mfarbrotherfv@bbc.co.uk,Female,Accounting,Russia
573,Dacie,Zipsell,dzipsellfw@reddit.com,Female,Legal,Russia
574,Tristan,Paterson,tpatersonfx@fotki.com,Male,Support,Pakistan
575,Alexa,Bootes,abootesfy@pbs.org,Female,Marketing,United Kingdom
576,Matthew,Dempster,mdempsterfz@51.la,Male,Sales,Indonesia
577,Horton,Gypson,hgypsong0@latimes.com,Male,Services,Greenland
578,Boote,Glennard,bglennardg1@w3.org,Male,Business Development,Indonesia
579,Dalli,Jacklin,djackling2@discovery.com,Genderqueer,Accounting,Thailand
580,Piggy,Causer,pcauserg3@jigsy.com,Male,Engineering,Azerbaijan
581,Trescha,Harston,tharstong4@ucoz.com,Female,Legal,Argentina
582,Billie,Defond,bdefondg5@angelfire.com,Male,Research and Development,Philippines
583,Franz,Agott,fagottg6@printfriendly.com,Male,Business Development,Honduras
584,Shir,Athowe,sathoweg7@disqus.com,Female,Legal,Thailand
585,Collete,Gimlet,cgimletg8@house.gov,Female,Training,Indonesia
586,Armin,Bordis,abordisg9@livejournal.com,Genderqueer,Sales,South Africa
587,Petronilla,Mansbridge,pmansbridgega@ted.com,Female,Engineering,Sweden
588,Adina,Sephton,asephtongb@drupal.org,Female,Legal,Democratic Republic of the Congo
589,Darsey,Sillitoe,dsillitoegc@wikipedia.org,Female,Support,China
590,Rahel,Pallaske,rpallaskegd@indiegogo.com,Female,Research and Development,Gabon
591,Annabelle,Deeson,adeesonge@google.cn,Female,Marketing,China
592,Rosabelle,Wormald,rwormaldgf@dot.gov,Female,Legal,Azerbaijan
593,Dennison,Burkman,dburkmangg@state.tx.us,Male,Sales,Venezuela
594,Eliot,Broose,ebroosegh@ca.gov,Agender,Marketing,Vietnam
595,Willi,Waszczyk,wwaszczykgi@psu.edu,Male,Support,Micronesia
596,Gonzales,Borzone,gborzonegj@yahoo.co.jp,Male,Legal,Brazil
597,Mariya,Pawlicki,mpawlickigk@themeforest.net,Female,Marketing,Philippines
598,Linet,McCrisken,lmccriskengl@ifeng.com,Female,Sales,Syria
599,Maryanna,Christene,mchristenegm@mlb.com,Female,Support,Nicaragua
600,Melody,Goodboddy,mgoodboddygn@weebly.com,Female,Product Management,Poland
601,Aldridge,Trinke,atrinkego@telegraph.co.uk,Bigender,Research and Development,Indonesia
602,Silvester,Isacq,sisacqgp@arstechnica.com,Male,Training,Sweden
603,Skylar,Tarte,startegq@engadget.com,Male,Marketing,Philippines
604,Eberhard,Crosi,ecrosigr@hatena.ne.jp,Male,Human Resources,Syria
605,Fianna,Birchenhead,fbirchenheadgs@123-reg.co.uk,Female,Accounting,Poland
606,Elfie,Moniker,emonikergt@globo.com,Female,Research and Development,Philippines
607,Rudolfo,Mabbitt,rmabbittgu@sphinn.com,Male,Support,Morocco
608,Mic,Blincko,mblinckogv@so-net.ne.jp,Male,Services,Poland
609,Crichton,Symondson,csymondsongw@boston.com,Male,Research and Development,Liberia
610,Giusto,Wisniowski,gwisniowskigx@pbs.org,Male,Accounting,Poland
611,Jamill,Carlile,jcarlilegy@hostgator.com,Male,Training,France
612,Eddie,Thynn,ethynngz@ow.ly,Male,Research and Development,Ethiopia
613,Gretta,Striker,gstrikerh0@amazon.co.jp,Female,Marketing,France
614,Lindi,Lubbock,llubbockh1@jimdo.com,Female,Support,Czech Republic
615,Timothy,Yellowlees,tyellowleesh2@free.fr,Male,Engineering,Portugal
616,Christi,Moorman,cmoormanh3@slate.com,Female,Sales,China
617,Hollie,Jentin,hjentinh4@topsy.com,Female,Research and Development,Indonesia
618,Ameline,Topper,atopperh5@goo.ne.jp,Female,Training,Indonesia
619,Marijn,Duinkerk,mduinkerkh6@com.com,Male,Legal,Colombia
620,Cristina,Bott,cbotth7@diigo.com,Female,Training,Philippines
621,Simone,Beadnall,sbeadnallh8@google.it,Female,Engineering,China
622,Rollie,Duckett,rducketth9@addtoany.com,Male,Marketing,Bulgaria
623,Miguelita,Harpin,mharpinha@indiegogo.com,Female,Marketing,Greece
624,Gleda,Klimowski,gklimowskihb@friendfeed.com,Non-binary,Research and Development,France
625,Pinchas,Gummer,pgummerhc@marriott.com,Male,Research and Development,Indonesia
626,Mag,Baldam,mbaldamhd@samsung.com,Female,Engineering,Egypt
627,Eldin,Dugdale,edugdalehe@deviantart.com,Male,Services,Philippines
628,Carson,McManus,cmcmanushf@yelp.com,Male,Services,Portugal
629,Constancy,Bitten,cbittenhg@delicious.com,Female,Legal,El Salvador
630,Yance,Coulton,ycoultonhh@tinyurl.com,Male,Marketing,Mexico
631,Carce,Ravel,cravelhi@miitbeian.gov.cn,Male,Services,Indonesia
632,Ange,Cornelissen,acornelissenhj@over-blog.com,Genderfluid,Research and Development,Mexico
633,Griffith,Slevin,gslevinhk@bbc.co.uk,Male,Human Resources,China
634,Darline,Proudman,dproudmanhl@cdbaby.com,Female,Research and Development,Malaysia
635,Bev,Blanc,bblanchm@twitpic.com,Genderfluid,Engineering,China
636,Carlita,Fairholm,cfairholmhn@nps.gov,Female,Sales,Egypt
637,Shaylyn,Wenman,swenmanho@thetimes.co.uk,Female,Sales,China
638,Larry,Barnwille,lbarnwillehp@gmpg.org,Male,Marketing,China
639,Biron,Moret,bmorethq@cam.ac.uk,Male,Services,China
640,Alissa,Hellen,ahellenhr@ibm.com,Genderfluid,Support,Russia
641,Tisha,Sloane,tsloanehs@addthis.com,Female,Human Resources,Colombia
642,Paul,Hourston,phourstonht@nydailynews.com,Male,Legal,Russia
643,Pearla,Mannix,pmannixhu@a8.net,Female,Services,Burkina Faso
644,Pammie,Langtry,plangtryhv@technorati.com,Female,Sales,Afghanistan
645,Eleanor,Mildenhall,emildenhallhw@tripod.com,Female,Marketing,Myanmar
646,Patrica,Kinde,pkindehx@wix.com,Female,Support,Canada
647,Helenelizabeth,Salvati,hsalvatihy@hp.com,Female,Accounting,Indonesia
648,Sydney,Albasini,salbasinihz@dell.com,Male,Marketing,Thailand
649,Freida,Troak,ftroaki0@addthis.com,Female,Sales,Russia
650,Gardner,Zwicker,gzwickeri1@altervista.org,Male,Support,Japan
651,Whit,Eckley,weckleyi2@foxnews.com,Male,Support,Philippines
652,Consuelo,Macourek,cmacoureki3@infoseek.co.jp,Female,Support,China
653,Butch,Pomery,bpomeryi4@hibu.com,Male,Accounting,Indonesia
654,Hillier,Faveryear,hfaveryeari5@w3.org,Genderqueer,Legal,France
655,Waldemar,Perutto,wperuttoi6@epa.gov,Male,Sales,Finland
656,Korella,Casterot,kcasteroti7@ca.gov,Female,Training,Poland
657,Heidie,O'Dyvoie,hodyvoiei8@gmpg.org,Female,Support,Sweden
658,Adriano,Mobbs,amobbsi9@independent.co.uk,Male,Training,Brazil
659,Barbey,Ruffli,bruffliia@aol.com,Female,Training,United States
660,Herve,Jozefowicz,hjozefowiczib@amazon.de,Agender,Training,Indonesia
661,Cori,Mayze,cmayzeic@whitehouse.gov,Bigender,Business Development,Russia
662,Oates,Caulket,ocaulketid@theglobeandmail.com,Male,Human Resources,Portugal
663,Hedvige,Humphery,hhumpheryie@hc360.com,Female,Human Resources,Japan
664,Wait,Bilsland,wbilslandif@shinystat.com,Male,Engineering,Ukraine
665,Carly,McMenamy,cmcmenamyig@cyberchimps.com,Male,Services,Indonesia
666,Timmie,Gasson,tgassonih@mtv.com,Male,Legal,China
667,Oona,Jantel,ojantelii@devhub.com,Female,Business Development,Indonesia
668,Archambault,Syder,asyderij@pbs.org,Male,Human Resources,South Africa
669,Olympia,Carlucci,ocarlucciik@time.com,Female,Services,Czech Republic
670,Bartlet,Bootherstone,bbootherstoneil@google.nl,Male,Sales,Indonesia
671,Daffy,Gozney,dgozneyim@apache.org,Female,Training,Indonesia
672,Marlie,Fechnie,mfechniein@opensource.org,Female,Business Development,China
673,Kala,Salthouse,ksalthouseio@de.vu,Female,Business Development,Honduras
674,Phaidra,Bavin,pbavinip@plala.or.jp,Female,Support,Spain
675,Celestyna,Hogsden,chogsdeniq@utexas.edu,Female,Accounting,United States
676,Gloria,Emanuelov,gemanuelovir@nyu.edu,Non-binary,Services,China
677,Andre,Maes,amaesis@rakuten.co.jp,Male,Sales,Sweden
678,Pamelina,Tewnion,ptewnionit@topsy.com,Female,Services,Brazil
679,Osborn,Hachard,ohachardiu@cam.ac.uk,Male,Human Resources,Portugal
680,Sharity,Yakobovicz,syakobovicziv@quantcast.com,Female,Engineering,China
681,Andre,Le Brum,alebrumiw@geocities.jp,Male,Training,Gabon
682,Zacharia,Medgewick,zmedgewickix@amazon.com,Polygender,Sales,Brazil
683,Dedra,Beynon,dbeynoniy@google.nl,Female,Accounting,United States
684,Sibley,Pea,speaiz@washington.edu,Non-binary,Engineering,Yemen
685,Leonid,Surmon,lsurmonj0@blog.com,Male,Marketing,China
686,Horacio,Childerhouse,hchilderhousej1@youku.com,Male,Marketing,Brazil
687,Andra,Targett,atargettj2@vkontakte.ru,Female,Marketing,Russia
688,Jonie,Fawcitt,jfawcittj3@soundcloud.com,Female,Engineering,Indonesia
689,Lewiss,Lax,llaxj4@wix.com,Male,Research and Development,Portugal
690,Alaster,Wincott,awincottj5@rambler.ru,Male,Business Development,China
691,Kellen,Imesen,kimesenj6@mapy.cz,Female,Research and Development,Angola
692,Markus,Goddard,mgoddardj7@usa.gov,Male,Training,China
693,Minnaminnie,Raffon,mraffonj8@businessinsider.com,Female,Human Resources,France
694,Ashli,Bernardeschi,abernardeschij9@skyrock.com,Female,Support,Indonesia
695,Aldis,Fishly,afishlyja@github.com,Male,Product Management,China
696,Kimble,Roddell,kroddelljb@rambler.ru,Male,Training,Macedonia
697,Eyde,Renbold,erenboldjc@yellowbook.com,Female,Marketing,Argentina
698,Mar,Wreak,mwreakjd@biglobe.ne.jp,Male,Support,Philippines
699,Bertie,Graffham,bgraffhamje@ox.ac.uk,Female,Marketing,Vietnam
700,Reece,Deporte,rdeportejf@newsvine.com,Agender,Legal,Poland
701,Seward,Hindsberg,shindsbergjg@jigsy.com,Male,Human Resources,China
702,Dar,Katte,dkattejh@google.ru,Male,Human Resources,China
703,Zorina,Crabb,zcrabbji@ucsd.edu,Female,Legal,Bulgaria
704,Sileas,Sussans,ssussansjj@slashdot.org,Female,Accounting,Indonesia
705,Abraham,Valance,avalancejk@lycos.com,Male,Training,Philippines
706,Harry,Aggs,haggsjl@delicious.com,Male,Accounting,China
707,Beltran,Skain,bskainjm@wired.com,Male,Support,South Africa
708,Dwayne,Patrie,dpatriejn@etsy.com,Polygender,Engineering,United States
709,Avictor,Kipling,akiplingjo@miitbeian.gov.cn,Male,Product Management,Czech Republic
710,Caspar,Davidovsky,cdavidovskyjp@usatoday.com,Genderqueer,Services,China
711,Bartlet,Lummus,blummusjq@fotki.com,Male,Human Resources,China
712,Concordia,Raveau,craveaujr@g.co,Female,Engineering,Cambodia
713,Niccolo,Fortie,nfortiejs@chron.com,Male,Product Management,China
714,Hilarius,Fleis,hfleisjt@google.nl,Male,Legal,Germany
715,Eldridge,Rowet,erowetju@ihg.com,Male,Product Management,Switzerland
716,Isidro,Arnould,iarnouldjv@photobucket.com,Male,Product Management,Palestinian Territory
717,Thorny,McLay,tmclayjw@harvard.edu,Male,Research and Development,Philippines
718,Waverly,Porson,wporsonjx@mapy.cz,Male,Support,China
719,Ariela,Hayhoe,ahayhoejy@zimbio.com,Female,Business Development,Indonesia
720,Saloma,Shillam,sshillamjz@linkedin.com,Female,Product Management,Poland
721,Hildegaard,Smithson,hsmithsonk0@mayoclinic.com,Female,Training,Brazil
722,Bryana,Dundredge,bdundredgek1@oracle.com,Female,Support,France
723,Reena,Balint,rbalintk2@princeton.edu,Female,Legal,Sweden
724,Vivianne,Killiam,vkilliamk3@freewebs.com,Female,Marketing,Poland
725,Teddie,Totterdell,ttotterdellk4@bbb.org,Female,Marketing,Finland
726,West,Ughini,wughinik5@instagram.com,Male,Accounting,Kyrgyzstan
727,Lorri,Steuhlmeyer,lsteuhlmeyerk6@google.fr,Female,Marketing,Poland
728,Rhona,Teek,rteekk7@sfgate.com,Female,Sales,China
729,Carol-jean,Abilowitz,cabilowitzk8@zimbio.com,Female,Research and Development,Poland
730,Kenn,Yell,kyellk9@wufoo.com,Male,Sales,Russia
731,James,Gowenlock,jgowenlockka@nytimes.com,Male,Product Management,Japan
732,Iosep,McTrustie,imctrustiekb@nyu.edu,Male,Support,Thailand
733,Eleonore,Pavlovsky,epavlovskykc@smugmug.com,Female,Legal,Sweden
734,Othelia,Beaze,obeazekd@amazon.co.uk,Female,Sales,Norway
735,Riannon,Challens,rchallenske@comcast.net,Female,Support,Russia
736,Margaret,Lewry,mlewrykf@livejournal.com,Female,Sales,China
737,Tadeas,Meffen,tmeffenkg@skyrock.com,Male,Support,China
738,Merle,Juan,mjuankh@printfriendly.com,Female,Research and Development,Ukraine
739,Felic,Denyukin,fdenyukinki@sciencedirect.com,Male,Services,China
740,Alyss,Blakebrough,ablakebroughkj@surveymonkey.com,Non-binary,Product Management,Poland
741,Charlotta,Heikkinen,cheikkinenkk@ovh.net,Female,Services,France
742,Cal,Zamora,czamorakl@studiopress.com,Male,Business Development,China
743,Olwen,Glyne,oglynekm@elegantthemes.com,Female,Training,Indonesia
744,Juan,Rozea,jrozeakn@hugedomains.com,Male,Sales,Burkina Faso
745,Carline,Dedrick,cdedrickko@foxnews.com,Female,Services,Brazil
746,Christalle,Pykerman,cpykermankp@eventbrite.com,Female,Accounting,Andorra
747,Wynnie,Ziemecki,wziemeckikq@yellowpages.com,Female,Engineering,Poland
748,Bruno,Desaur,bdesaurkr@hc360.com,Male,Support,Indonesia
749,Page,Chillingworth,pchillingworthks@hostgator.com,Female,Services,Brazil
750,Matthaeus,Folks,mfolkskt@gizmodo.com,Male,Research and Development,Brazil
751,Baird,Vondra,bvondraku@indiegogo.com,Genderfluid,Support,Poland
752,Kylila,Hammersley,khammersleykv@amazon.co.uk,Female,Services,Russia
753,Emeline,Saddleton,esaddletonkw@trellian.com,Bigender,Training,United States
754,Britni,Duplan,bduplankx@elegantthemes.com,Female,Legal,Sweden
755,Rabi,Hurrell,rhurrellky@flickr.com,Male,Training,China
756,Munroe,Smyth,msmythkz@webs.com,Male,Support,Poland
757,Dorey,Coleson,dcolesonl0@statcounter.com,Male,Support,Serbia
758,Bridget,Sperrett,bsperrettl1@java.com,Female,Research and Development,France
759,Sinclare,Gwilym,sgwilyml2@prlog.org,Male,Support,Uzbekistan
760,Oralee,Caulder,ocaulderl3@reference.com,Female,Engineering,Slovenia
761,Yulma,Ilyunin,yilyuninl4@plala.or.jp,Male,Human Resources,Indonesia
762,Lorant,Foulser,lfoulserl5@hexun.com,Male,Marketing,Philippines
763,Brenna,Tear,btearl6@networksolutions.com,Female,Legal,China
764,Gage,MacConnal,gmacconnall7@gizmodo.com,Male,Services,Palestinian Territory
765,Jacob,Ebbett,jebbettl8@yandex.ru,Male,Marketing,Thailand
766,Latia,Pether,lpetherl9@biglobe.ne.jp,Genderqueer,Marketing,China
767,Joceline,Persich,jpersichla@hexun.com,Female,Legal,Tanzania
768,Patrizius,Milesop,pmilesoplb@mashable.com,Male,Legal,Argentina
769,Ogden,Boyton,oboytonlc@ebay.com,Male,Sales,China
770,Adiana,Empson,aempsonld@indiatimes.com,Polygender,Business Development,United States
771,Marne,Bushrod,mbushrodle@addtoany.com,Female,Sales,China
772,Ransell,Lenox,rlenoxlf@ezinearticles.com,Male,Services,Serbia
773,Abe,Pattingson,apattingsonlg@unicef.org,Male,Human Resources,Philippines
774,Luelle,Beresfore,lberesforelh@123-reg.co.uk,Female,Product Management,China
775,Shell,Crock,scrockli@yolasite.com,Genderfluid,Accounting,Indonesia
776,Nanon,Culkin,nculkinlj@geocities.jp,Female,Training,China
777,Maiga,McCaughren,mmccaughrenlk@archive.org,Female,Product Management,China
778,Leola,Boss,lbossll@plala.or.jp,Polygender,Product Management,China
779,Dulsea,Calderonello,dcalderonellolm@bbc.co.uk,Female,Legal,China
780,Reed,Masarrat,rmasarratln@cdc.gov,Male,Research and Development,Ethiopia
781,Lawry,Hartles,lhartleslo@scribd.com,Male,Marketing,United States
782,Branden,Dimitrescu,bdimitresculp@mail.ru,Male,Research and Development,Tanzania
783,Horatia,Donahue,hdonahuelq@springer.com,Female,Product Management,Ukraine
784,Carl,Donnellan,cdonnellanlr@theatlantic.com,Male,Engineering,Ecuador
785,Gaelan,Fylan,gfylanls@bbc.co.uk,Bigender,Accounting,Uruguay
786,Christina,Kelly,ckellylt@cmu.edu,Female,Product Management,South Africa
787,Shane,Ashington,sashingtonlu@spotify.com,Female,Engineering,Finland
788,Shermy,Targe,stargelv@mysql.com,Male,Sales,Burkina Faso
789,Allison,Blakemore,ablakemorelw@addthis.com,Female,Engineering,China
790,Yvette,Merton,ymertonlx@mysql.com,Female,Product Management,Iraq
791,Aveline,Conti,acontily@bravesites.com,Female,Support,Uganda
792,Avie,Gillow,agillowlz@imdb.com,Female,Human Resources,Pakistan
793,Agnola,Loraine,alorainem0@nydailynews.com,Female,Engineering,China
794,Rosana,Gronowe,rgronowem1@friendfeed.com,Female,Marketing,Ethiopia
795,Karola,MacCallion,kmaccallionm2@psu.edu,Female,Accounting,Germany
796,Ferguson,Adanez,fadanezm3@tripod.com,Male,Support,China
797,Wendy,Kits,wkitsm4@google.com,Agender,Accounting,Peru
798,Datha,Nuss,dnussm5@google.ru,Female,Training,Argentina
799,Jermain,Petracek,jpetracekm6@linkedin.com,Male,Marketing,Czech Republic
800,Cristiano,Shelbourne,cshelbournem7@i2i.jp,Male,Sales,Ukraine
801,Hastings,Alcalde,halcaldem8@taobao.com,Male,Training,Portugal
802,Isaiah,Petr,ipetrm9@reverbnation.com,Male,Services,China
803,Mickie,Eltringham,meltringhamma@cdc.gov,Female,Services,Russia
804,Marius,Sowerbutts,msowerbuttsmb@wikia.com,Male,Services,China
805,Tremaine,Artharg,tarthargmc@biblegateway.com,Male,Business Development,Sweden
806,Pearla,Gimeno,pgimenomd@1und1.de,Female,Support,China
807,Hart,Van't Hoff,hvanthoffme@cbslocal.com,Male,Human Resources,Sweden
808,Agathe,Daid,adaidmf@qq.com,Genderqueer,Human Resources,China
809,Efrem,Chezier,echeziermg@amazon.co.uk,Male,Accounting,Canada
810,Kissee,Behnke,kbehnkemh@naver.com,Female,Services,China
811,Ryun,Romans,rromansmi@weather.com,Genderfluid,Support,China
812,Rena,Pilbury,rpilburymj@whitehouse.gov,Female,Business Development,Poland
813,Berenice,De L'Isle,bdelislemk@oracle.com,Female,Support,China
814,Othilie,Santino,osantinoml@washingtonpost.com,Female,Marketing,Peru
815,Janeta,Shingles,jshinglesmm@dmoz.org,Female,Sales,Czech Republic
816,Ariel,Sturrock,asturrockmn@scribd.com,Female,Human Resources,Cameroon
817,Dukie,Climance,dclimancemo@wunderground.com,Male,Product Management,Iran
818,Blake,Winslade,bwinslademp@forbes.com,Male,Research and Development,Indonesia
819,Aubrey,Akam,aakammq@sina.com.cn,Female,Product Management,China
820,Piggy,Gother,pgothermr@newyorker.com,Male,Legal,Malaysia
821,Tamarah,Carrigan,tcarriganms@mysql.com,Female,Human Resources,Latvia
822,Thea,Wingate,twingatemt@cnn.com,Female,Sales,Indonesia
823,Ichabod,Richard,irichardmu@washington.edu,Male,Services,Russia
824,Malissia,Volke,mvolkemv@yahoo.com,Female,Accounting,Indonesia
825,Meghann,Hews,mhewsmw@hugedomains.com,Female,Business Development,Guatemala
826,Issi,Medlin,imedlinmx@nifty.com,Female,Sales,Indonesia
827,Carl,Sellick,csellickmy@reverbnation.com,Male,Legal,Russia
828,Robbie,Savell,rsavellmz@alexa.com,Female,Business Development,Myanmar
829,Sabra,Mant,smantn0@wordpress.com,Female,Accounting,China
830,Gardiner,Dory,gdoryn1@nyu.edu,Male,Marketing,Ukraine
831,Mathilde,Crangle,mcranglen2@ask.com,Female,Engineering,Portugal
832,Diane,Salle,dsallen3@wikispaces.com,Non-binary,Legal,Canada
833,May,Breewood,mbreewoodn4@spotify.com,Genderfluid,Marketing,Nigeria
834,Nara,Ricardo,nricardon5@irs.gov,Female,Product Management,Canada
835,Karla,Lanchberry,klanchberryn6@japanpost.jp,Female,Business Development,New Caledonia
836,Elianora,Nulty,enultyn7@photobucket.com,Female,Business Development,Japan
837,Zebedee,Revett,zrevettn8@github.io,Male,Research and Development,Ireland
838,Jasen,Peachment,jpeachmentn9@mashable.com,Male,Human Resources,Brazil
839,Jens,Maggiore,jmaggiorena@google.com,Male,Marketing,Russia
840,William,McCloch,wmcclochnb@icq.com,Male,Services,Russia
841,Zoe,Ching,zchingnc@t.co,Female,Legal,Japan
842,Dana,Seamen,dseamennd@comcast.net,Male,Engineering,Iran
843,Manfred,Leppingwell,mleppingwellne@dion.ne.jp,Male,Sales,Honduras
844,Beryl,Spaxman,bspaxmannf@europa.eu,Female,Legal,Latvia
845,Riobard,Oller,rollerng@drupal.org,Male,Support,Russia
846,Yorgos,Fumagallo,yfumagallonh@weebly.com,Male,Sales,Russia
847,Elka,Adamo,eadamoni@slate.com,Female,Services,Poland
848,Dorian,Worts,dwortsnj@homestead.com,Male,Business Development,Greece
849,Warner,Liggens,wliggensnk@quantcast.com,Male,Research and Development,Finland
850,Wallache,Shrieve,wshrievenl@bandcamp.com,Non-binary,Training,Indonesia
851,Luz,Riddel,lriddelnm@prlog.org,Agender,Human Resources,China
852,Homer,Ogles,hoglesnn@ucoz.com,Male,Training,Peru
853,Morgun,MacFadden,mmacfaddenno@dailymail.co.uk,Male,Research and Development,Russia
854,Ulrick,Offa,uoffanp@creativecommons.org,Male,Legal,Portugal
855,Dniren,Giroldi,dgiroldinq@oakley.com,Female,Engineering,Ukraine
856,Benjamen,Woolmore,bwoolmorenr@istockphoto.com,Male,Marketing,Brazil
857,Abagail,Adel,aadelns@bluehost.com,Female,Research and Development,Philippines
858,West,Twopenny,wtwopennynt@unblog.fr,Male,Business Development,Indonesia
859,Jarid,Austins,jaustinsnu@ibm.com,Male,Marketing,Sweden
860,Lian,Dobing,ldobingnv@bing.com,Female,Business Development,Thailand
861,Madelena,MacDuff,mmacduffnw@amazonaws.com,Female,Services,Guatemala
862,Marena,Leeds,mleedsnx@bizjournals.com,Female,Product Management,Brazil
863,Louisa,Pawelczyk,lpawelczykny@bluehost.com,Genderqueer,Services,France
864,Tonnie,Asel,taselnz@cnet.com,Male,Business Development,Poland
865,Rica,Sidwick,rsidwicko0@ustream.tv,Female,Product Management,Indonesia
866,Rosemarie,O'Rudden,roruddeno1@xing.com,Female,Training,Russia
867,Christoper,Boules,cbouleso2@miibeian.gov.cn,Male,Accounting,Palestinian Territory
868,Vallie,Moles,vmoleso3@reuters.com,Female,Legal,China
869,Sloan,Leyborne,sleyborneo4@narod.ru,Male,Accounting,France
870,Jasper,Lasselle,jlasselleo5@mayoclinic.com,Male,Training,Portugal
871,Norine,Khalid,nkhalido6@digg.com,Female,Support,Argentina
872,Haskell,Dignum,hdignumo7@printfriendly.com,Male,Human Resources,Mexico
873,Osborne,Leydon,oleydono8@ifeng.com,Male,Sales,Ethiopia
874,Gregg,Van de Castele,gvandecasteleo9@latimes.com,Male,Research and Development,Argentina
875,Flem,Ochterlonie,fochterlonieoa@uol.com.br,Male,Business Development,Honduras
876,Jeana,Alday,jaldayob@ebay.com,Female,Training,China
877,Raimundo,Etherington,retheringtonoc@tuttocitta.it,Male,Research and Development,Portugal
878,Maudie,Warmington,mwarmingtonod@comcast.net,Female,Human Resources,China
879,Howie,Vlach,hvlachoe@mysql.com,Male,Training,Russia
880,Linc,Brack,lbrackof@wikipedia.org,Male,Business Development,China
881,Franny,Jennings,fjenningsog@free.fr,Male,Services,Japan
882,Nicolina,Montilla,nmontillaoh@vinaora.com,Female,Engineering,China
883,August,Beccles,abecclesoi@vinaora.com,Male,Legal,Russia
884,Jose,Instone,jinstoneoj@ucsd.edu,Male,Training,Brazil
885,Niels,Sketh,nskethok@whitehouse.gov,Male,Training,Thailand
886,Chrisse,Willimot,cwillimotol@oaic.gov.au,Male,Engineering,Indonesia
887,Rhoda,Jakubovits,rjakubovitsom@privacy.gov.au,Female,Engineering,Russia
888,Jarad,Scrannage,jscrannageon@dailymotion.com,Male,Support,Chad
889,Diann,Gullan,dgullanoo@i2i.jp,Female,Marketing,Cameroon
890,Amitie,Gregori,agregoriop@mayoclinic.com,Female,Research and Development,Portugal
891,Chaddy,Bonder,cbonderoq@xing.com,Male,Training,Russia
892,Charla,Pidgeley,cpidgeleyor@cornell.edu,Genderfluid,Engineering,Finland
893,Orelia,Shitliffe,oshitliffeos@nature.com,Female,Research and Development,Russia
894,Abbi,Stannislawski,astannislawskiot@google.com,Female,Business Development,Ukraine
895,Chariot,Simmins,csimminsou@nydailynews.com,Male,Legal,Nicaragua
896,Garry,Cortese,gcorteseov@ameblo.jp,Male,Product Management,Indonesia
897,Mariana,Kleinfeld,mkleinfeldow@constantcontact.com,Female,Research and Development,Norway
898,Catherina,Davidy,cdavidyox@pcworld.com,Female,Product Management,Russia
899,Yves,Colbron,ycolbronoy@icio.us,Male,Business Development,China
900,Kirstyn,Cartledge,kcartledgeoz@bigcartel.com,Female,Business Development,Nigeria
901,Rahel,Rudsdale,rrudsdalep0@parallels.com,Female,Marketing,Poland
902,Ingra,Fairhead,ifairheadp1@phoca.cz,Male,Training,United States
903,Carmelita,Melior,cmeliorp2@zdnet.com,Female,Human Resources,Comoros
904,Krysta,Antonias,kantoniasp3@cdbaby.com,Female,Sales,Mauritius
905,Bria,Blooman,bbloomanp4@cloudflare.com,Female,Human Resources,Germany
906,Nari,Laurentino,nlaurentinop5@yellowpages.com,Genderfluid,Services,Hungary
907,Deny,Moscon,dmosconp6@bbb.org,Female,Accounting,Poland
908,Kacy,Shewen,kshewenp7@elpais.com,Female,Training,Philippines
909,Penn,Phizaclea,pphizacleap8@deviantart.com,Non-binary,Product Management,Brazil
910,Algernon,Tofanini,atofaninip9@macromedia.com,Male,Support,Indonesia
911,Eolande,Benoiton,ebenoitonpa@123-reg.co.uk,Female,Sales,Sweden
912,Elysha,Scupham,escuphampb@indiegogo.com,Female,Support,Indonesia
913,Adrienne,Kilduff,akilduffpc@wp.com,Female,Support,China
914,Rivkah,Pursey,rpurseypd@businessweek.com,Female,Human Resources,Poland
915,Allyson,Kluger,aklugerpe@tuttocitta.it,Female,Research and Development,Greece
916,Garrett,Hryncewicz,ghryncewiczpf@moonfruit.com,Male,Human Resources,United States
917,Blinni,Iaduccelli,biaduccellipg@yahoo.com,Female,Legal,Venezuela
918,Saba,Tellett,stellettph@ft.com,Agender,Sales,Vietnam
919,Yolanthe,Lord,ylordpi@ucla.edu,Female,Support,China
920,Bail,Moatt,bmoattpj@theatlantic.com,Male,Training,Ukraine
921,Celina,Waghorn,cwaghornpk@google.co.uk,Female,Research and Development,China
922,Marney,Strass,mstrasspl@cpanel.net,Female,Research and Development,Indonesia
923,Lavena,Warn,lwarnpm@merriam-webster.com,Genderqueer,Accounting,Armenia
924,Hernando,Lafayette,hlafayettepn@google.ca,Male,Human Resources,Slovenia
925,Kile,Fley,kfleypo@spotify.com,Male,Services,Philippines
926,Aurie,Fowlston,afowlstonpp@symantec.com,Female,Engineering,China
927,Brady,Matzel,bmatzelpq@archive.org,Male,Training,Portugal
928,Bernard,Sebrens,bsebrenspr@noaa.gov,Male,Product Management,France
929,Jim,Badger,jbadgerps@independent.co.uk,Male,Legal,China
930,Doralynne,Firle,dfirlept@gravatar.com,Female,Services,Portugal
931,Yorgo,Kienlein,ykienleinpu@storify.com,Male,Training,Indonesia
932,Alyse,Mabe,amabepv@npr.org,Female,Business Development,Greece
933,Rafaelita,Ezzy,rezzypw@odnoklassniki.ru,Female,Support,China
934,Kym,Toynbee,ktoynbeepx@sogou.com,Female,Human Resources,China
935,Forest,Molineaux,fmolineauxpy@omniture.com,Male,Support,Egypt
936,Blanche,Greensite,bgreensitepz@prweb.com,Agender,Business Development,Indonesia
937,Chantal,Northgraves,cnorthgravesq0@topsy.com,Female,Engineering,China
938,Laughton,Alfuso,lalfusoq1@businessweek.com,Male,Product Management,China
939,Jacynth,Goggins,jgogginsq2@newyorker.com,Female,Product Management,China
940,Monti,O'Codihie,mocodihieq3@artisteer.com,Male,Training,China
941,Jacquetta,D'Antuoni,jdantuoniq4@hc360.com,Female,Accounting,Macedonia
942,Suzanne,Satchell,ssatchellq5@pbs.org,Female,Accounting,Peru
943,Normy,Reddecliffe,nreddecliffeq6@sohu.com,Male,Product Management,Philippines
944,Delinda,Benadette,dbenadetteq7@domainmarket.com,Female,Services,United Arab Emirates
945,Shir,Diglin,sdiglinq8@bloglovin.com,Female,Engineering,France
946,Nanci,Copplestone,ncopplestoneq9@eepurl.com,Female,Accounting,Ukraine
947,Gabie,Cammocke,gcammockeqa@mtv.com,Female,Research and Development,Nigeria
948,Alex,Dederick,adederickqb@wsj.com,Male,Marketing,China
949,Man,Brafferton,mbraffertonqc@vk.com,Male,Engineering,Panama
950,Bryn,Fawdry,bfawdryqd@nih.gov,Female,Human Resources,China
951,Dionisio,Gosalvez,dgosalvezqe@archive.org,Male,Legal,Argentina
952,Corrianne,Ballintime,cballintimeqf@state.gov,Female,Accounting,Finland
953,Edwin,Snodin,esnodinqg@guardian.co.uk,Male,Sales,Thailand
954,Emalia,Cobbing,ecobbingqh@sfgate.com,Female,Engineering,China
955,Devon,O' Mulderrig,domulderrigqi@bigcartel.com,Female,Legal,Russia
956,Killy,Perch,kperchqj@sciencedaily.com,Male,Accounting,Canada
957,Any,Bolle,abolleqk@indiegogo.com,Male,Marketing,Afghanistan
958,Kelley,Huson,khusonql@technorati.com,Female,Sales,Japan
959,Trish,Swindon,tswindonqm@123-reg.co.uk,Female,Research and Development,Guinea
960,Gerry,Beisley,gbeisleyqn@php.net,Male,Business Development,Madagascar
961,Merridie,Claisse,mclaisseqo@free.fr,Female,Training,South Korea
962,Barde,Evangelinos,bevangelinosqp@canalblog.com,Male,Research and Development,United Kingdom
963,Hannah,Trayhorn,htrayhornqq@a8.net,Female,Accounting,China
964,Dev,Olander,dolanderqr@ameblo.jp,Male,Product Management,Sudan
965,Huntington,MacGown,hmacgownqs@nydailynews.com,Male,Sales,Indonesia
966,Aprilette,Larcher,alarcherqt@hibu.com,Female,Research and Development,France
967,Brendon,Bakes,bbakesqu@goodreads.com,Male,Product Management,Indonesia
968,Quintilla,Alker,qalkerqv@theatlantic.com,Female,Business Development,Russia
969,Tabb,Helin,thelinqw@clickbank.net,Male,Research and Development,China
970,Bebe,Rispen,brispenqx@ed.gov,Female,Human Resources,China
971,Marena,Studdard,mstuddardqy@smugmug.com,Female,Sales,Sweden
972,Thane,Feeny,tfeenyqz@1und1.de,Male,Product Management,Kazakhstan
973,Demetre,Bannell,dbannellr0@artisteer.com,Male,Training,Panama
974,Mathe,Lumsdale,mlumsdaler1@vimeo.com,Non-binary,Business Development,Honduras
975,Benyamin,Maylard,bmaylardr2@bbc.co.uk,Male,Legal,China
976,Starlin,Ginnaly,sginnalyr3@tinyurl.com,Female,Research and Development,Finland
977,Edvard,Heeps,eheepsr4@oaic.gov.au,Male,Product Management,Japan
978,Orlan,Rainger,oraingerr5@mtv.com,Male,Business Development,Peru
979,Valentia,Spurdens,vspurdensr6@newsvine.com,Female,Legal,France
980,Zackariah,Loudiane,zloudianer7@ca.gov,Male,Marketing,China
981,Jacky,Oliveti,jolivetir8@theglobeandmail.com,Female,Training,China
982,Ty,Hurich,thurichr9@spiegel.de,Male,Services,Indonesia
983,Jenn,Ruilton,jruiltonra@who.int,Female,Sales,Argentina
984,Gerhard,Cramb,gcrambrb@surveymonkey.com,Male,Engineering,Mozambique
985,Lucita,Coggill,lcoggillrc@amazon.de,Female,Business Development,Brazil
986,Ardelis,Gridon,agridonrd@google.co.uk,Agender,Product Management,Ukraine
987,Daryle,Bruff,dbruffre@elegantthemes.com,Male,Research and Development,Indonesia
988,Chryste,D'Ambrogi,cdambrogirf@gmpg.org,Female,Product Management,Czech Republic
989,Lauren,Exall,lexallrg@4shared.com,Female,Training,Portugal
990,Anissa,Shadfourth,ashadfourthrh@umn.edu,Female,Research and Development,Indonesia
991,Nelia,McMyler,nmcmylerri@fema.gov,Female,Marketing,Russia
992,Kim,Haycock,khaycockrj@tmall.com,Female,Marketing,Russia
993,Anderson,O'Currine,aocurrinerk@rediff.com,Male,Human Resources,Argentina
994,Bianca,Dibbin,bdibbinrl@slate.com,Female,Training,Japan
995,Nigel,McKirdy,nmckirdyrm@soup.io,Male,Product Management,Greece
996,Sheffie,Spilsbury,sspilsburyrn@google.fr,Male,Support,Aland Islands
997,Basilio,Beardmore,bbeardmorero@t.co,Male,Support,Uganda
998,Devy,Featenby,dfeatenbyrp@123-reg.co.uk,Male,Legal,Brazil
999,Vivianne,Licquorish,vlicquorishrq@phoca.cz,Female,Accounting,China
1000,Freddy,Wakley,fwakleyrr@howstuffworks.com,Male,Accounting,Finland
